{"coins":0,"souls":0,"playerPosition":{"x":38.04850769042969,"y":-2.1365466117858888,"z":0.0},"sceneIndex":4}